model_name,epoch,train_loss_sum,train_loss_box,train_loss_cls,train_loss_dfl,accuracy_mAP50,precision_mean,recall_mean,f1_mean,mAP50,mAP50_95,fitness,params,GFLOPs,data_aug_runner_explicit,data_aug_effective_summary,effective_mosaic,effective_mixup,effective_close_mosaic,effective_copy_paste,effective_cutmix,effective_degrees,effective_translate,effective_scale,effective_shear,effective_fliplr,effective_flipud,effective_hsv_h,effective_hsv_s,effective_hsv_v,effective_erasing,effective_auto_augment
yolov8m,1,10.018794775009155,2.487388849258423,3.7844722270965576,3.746933698654175,0.03234,0.00257,0.61475,0.005118601373671486,0.03234,0.01213,0.01213,25909312,0.0,runner_kw explicit: mosaic=1.0; close_mosaic=10; mixup=0.15,"effective (Ultralytics args.yaml): mosaic=1.0, mixup=0.15, close_mosaic=10, copy_paste=0.0, cutmix=0.0; geo deg/trans/scale/shear=0.0/0.1/0.5/0.0; fliplr/flipud=0.5/0.0; hsv_h/s/v=0.015/0.7/0.4; erasing=0.4; auto_augment=randaugment",1.0,0.15,10,0.0,0.0,0.0,0.1,0.5,0.0,0.5,0.0,0.015,0.7,0.4,0.4,randaugment
yolov8m,2,7.383469462394714,1.823936104774475,2.866391658782959,2.6931416988372803,0.26689,0.60817,0.33186,0.4294060746992868,0.26689,0.12706,0.12706,25909312,0.0,runner_kw explicit: mosaic=1.0; close_mosaic=10; mixup=0.15,"effective (Ultralytics args.yaml): mosaic=1.0, mixup=0.15, close_mosaic=10, copy_paste=0.0, cutmix=0.0; geo deg/trans/scale/shear=0.0/0.1/0.5/0.0; fliplr/flipud=0.5/0.0; hsv_h/s/v=0.015/0.7/0.4; erasing=0.4; auto_augment=randaugment",1.0,0.15,10,0.0,0.0,0.0,0.1,0.5,0.0,0.5,0.0,0.015,0.7,0.4,0.4,randaugment
yolov8m,3,6.707887411117554,1.6942589282989502,2.6219024658203125,2.391726016998291,0.2186,0.66733,0.25901,0.3731786240469232,0.2186,0.08206,0.08206,25909312,0.0,runner_kw explicit: mosaic=1.0; close_mosaic=10; mixup=0.15,"effective (Ultralytics args.yaml): mosaic=1.0, mixup=0.15, close_mosaic=10, copy_paste=0.0, cutmix=0.0; geo deg/trans/scale/shear=0.0/0.1/0.5/0.0; fliplr/flipud=0.5/0.0; hsv_h/s/v=0.015/0.7/0.4; erasing=0.4; auto_augment=randaugment",1.0,0.15,10,0.0,0.0,0.0,0.1,0.5,0.0,0.5,0.0,0.015,0.7,0.4,0.4,randaugment
yolov8m,4,6.356303334236145,1.634308934211731,2.4443252086639404,2.2776691913604736,0.12516,0.56163,0.2006,0.29561412696916206,0.12516,0.06262,0.06262,25909312,0.0,runner_kw explicit: mosaic=1.0; close_mosaic=10; mixup=0.15,"effective (Ultralytics args.yaml): mosaic=1.0, mixup=0.15, close_mosaic=10, copy_paste=0.0, cutmix=0.0; geo deg/trans/scale/shear=0.0/0.1/0.5/0.0; fliplr/flipud=0.5/0.0; hsv_h/s/v=0.015/0.7/0.4; erasing=0.4; auto_augment=randaugment",1.0,0.15,10,0.0,0.0,0.0,0.1,0.5,0.0,0.5,0.0,0.015,0.7,0.4,0.4,randaugment
yolov8m,5,5.917138695716858,1.543678641319275,2.2121317386627197,2.1613283157348633,0.1471,0.17404,0.23131,0.1986292951765175,0.1471,0.09125,0.09125,25909312,0.0,runner_kw explicit: mosaic=1.0; close_mosaic=10; mixup=0.15,"effective (Ultralytics args.yaml): mosaic=1.0, mixup=0.15, close_mosaic=10, copy_paste=0.0, cutmix=0.0; geo deg/trans/scale/shear=0.0/0.1/0.5/0.0; fliplr/flipud=0.5/0.0; hsv_h/s/v=0.015/0.7/0.4; erasing=0.4; auto_augment=randaugment",1.0,0.15,10,0.0,0.0,0.0,0.1,0.5,0.0,0.5,0.0,0.015,0.7,0.4,0.4,randaugment
yolov8m,6,5.823734402656555,1.5381556749343872,2.1438229084014893,2.1417558193206787,0.36082,0.27983,0.50796,0.3608638007586275,0.36082,0.23311,0.23311,25909312,0.0,runner_kw explicit: mosaic=1.0; close_mosaic=10; mixup=0.15,"effective (Ultralytics args.yaml): mosaic=1.0, mixup=0.15, close_mosaic=10, copy_paste=0.0, cutmix=0.0; geo deg/trans/scale/shear=0.0/0.1/0.5/0.0; fliplr/flipud=0.5/0.0; hsv_h/s/v=0.015/0.7/0.4; erasing=0.4; auto_augment=randaugment",1.0,0.15,10,0.0,0.0,0.0,0.1,0.5,0.0,0.5,0.0,0.015,0.7,0.4,0.4,randaugment
yolov8m,7,5.639490485191345,1.4901505708694458,2.0610103607177734,2.088329553604126,0.41978,0.37967,0.52065,0.4391220577123255,0.41978,0.2635,0.2635,25909312,0.0,runner_kw explicit: mosaic=1.0; close_mosaic=10; mixup=0.15,"effective (Ultralytics args.yaml): mosaic=1.0, mixup=0.15, close_mosaic=10, copy_paste=0.0, cutmix=0.0; geo deg/trans/scale/shear=0.0/0.1/0.5/0.0; fliplr/flipud=0.5/0.0; hsv_h/s/v=0.015/0.7/0.4; erasing=0.4; auto_augment=randaugment",1.0,0.15,10,0.0,0.0,0.0,0.1,0.5,0.0,0.5,0.0,0.015,0.7,0.4,0.4,randaugment
yolov8m,8,5.488210082054138,1.462820053100586,1.9741417169570923,2.05124831199646,0.46061,0.41439,0.53403,0.4666639077618917,0.46061,0.26859,0.26859,25909312,0.0,runner_kw explicit: mosaic=1.0; close_mosaic=10; mixup=0.15,"effective (Ultralytics args.yaml): mosaic=1.0, mixup=0.15, close_mosaic=10, copy_paste=0.0, cutmix=0.0; geo deg/trans/scale/shear=0.0/0.1/0.5/0.0; fliplr/flipud=0.5/0.0; hsv_h/s/v=0.015/0.7/0.4; erasing=0.4; auto_augment=randaugment",1.0,0.15,10,0.0,0.0,0.0,0.1,0.5,0.0,0.5,0.0,0.015,0.7,0.4,0.4,randaugment
yolov8m,9,5.343192100524902,1.4276872873306274,1.890415072441101,2.025089740753174,0.43657,0.42747,0.52546,0.47142683345002107,0.43657,0.24892,0.24892,25909312,0.0,runner_kw explicit: mosaic=1.0; close_mosaic=10; mixup=0.15,"effective (Ultralytics args.yaml): mosaic=1.0, mixup=0.15, close_mosaic=10, copy_paste=0.0, cutmix=0.0; geo deg/trans/scale/shear=0.0/0.1/0.5/0.0; fliplr/flipud=0.5/0.0; hsv_h/s/v=0.015/0.7/0.4; erasing=0.4; auto_augment=randaugment",1.0,0.15,10,0.0,0.0,0.0,0.1,0.5,0.0,0.5,0.0,0.015,0.7,0.4,0.4,randaugment
yolov8m,10,5.357983827590942,1.4357402324676514,1.8919339179992676,2.0303096771240234,0.48981,0.44328,0.56844,0.4981182208511266,0.48981,0.31616,0.31616,25909312,0.0,runner_kw explicit: mosaic=1.0; close_mosaic=10; mixup=0.15,"effective (Ultralytics args.yaml): mosaic=1.0, mixup=0.15, close_mosaic=10, copy_paste=0.0, cutmix=0.0; geo deg/trans/scale/shear=0.0/0.1/0.5/0.0; fliplr/flipud=0.5/0.0; hsv_h/s/v=0.015/0.7/0.4; erasing=0.4; auto_augment=randaugment",1.0,0.15,10,0.0,0.0,0.0,0.1,0.5,0.0,0.5,0.0,0.015,0.7,0.4,0.4,randaugment
yolov8m,11,5.269183039665222,1.419675350189209,1.8501853942871094,1.9993222951889038,0.51245,0.4504,0.60068,0.5147967271753674,0.51245,0.29042,0.29042,25909312,0.0,runner_kw explicit: mosaic=1.0; close_mosaic=10; mixup=0.15,"effective (Ultralytics args.yaml): mosaic=1.0, mixup=0.15, close_mosaic=10, copy_paste=0.0, cutmix=0.0; geo deg/trans/scale/shear=0.0/0.1/0.5/0.0; fliplr/flipud=0.5/0.0; hsv_h/s/v=0.015/0.7/0.4; erasing=0.4; auto_augment=randaugment",1.0,0.15,10,0.0,0.0,0.0,0.1,0.5,0.0,0.5,0.0,0.015,0.7,0.4,0.4,randaugment
yolov8m,12,5.149765968322754,1.384683609008789,1.79904043674469,1.966041922569275,0.4442,0.38113,0.54138,0.44733641781612415,0.4442,0.26954,0.26954,25909312,0.0,runner_kw explicit: mosaic=1.0; close_mosaic=10; mixup=0.15,"effective (Ultralytics args.yaml): mosaic=1.0, mixup=0.15, close_mosaic=10, copy_paste=0.0, cutmix=0.0; geo deg/trans/scale/shear=0.0/0.1/0.5/0.0; fliplr/flipud=0.5/0.0; hsv_h/s/v=0.015/0.7/0.4; erasing=0.4; auto_augment=randaugment",1.0,0.15,10,0.0,0.0,0.0,0.1,0.5,0.0,0.5,0.0,0.015,0.7,0.4,0.4,randaugment
yolov8m,13,5.037572741508484,1.3588184118270874,1.7315064668655396,1.947247862815857,0.43305,0.39527,0.57007,0.46684394907445376,0.43305,0.2687,0.2687,25909312,0.0,runner_kw explicit: mosaic=1.0; close_mosaic=10; mixup=0.15,"effective (Ultralytics args.yaml): mosaic=1.0, mixup=0.15, close_mosaic=10, copy_paste=0.0, cutmix=0.0; geo deg/trans/scale/shear=0.0/0.1/0.5/0.0; fliplr/flipud=0.5/0.0; hsv_h/s/v=0.015/0.7/0.4; erasing=0.4; auto_augment=randaugment",1.0,0.15,10,0.0,0.0,0.0,0.1,0.5,0.0,0.5,0.0,0.015,0.7,0.4,0.4,randaugment
yolov8m,14,5.061978578567505,1.369085431098938,1.7355939149856567,1.9572992324829102,0.51797,0.45216,0.66049,0.5368213874978324,0.51797,0.31547,0.31547,25909312,0.0,runner_kw explicit: mosaic=1.0; close_mosaic=10; mixup=0.15,"effective (Ultralytics args.yaml): mosaic=1.0, mixup=0.15, close_mosaic=10, copy_paste=0.0, cutmix=0.0; geo deg/trans/scale/shear=0.0/0.1/0.5/0.0; fliplr/flipud=0.5/0.0; hsv_h/s/v=0.015/0.7/0.4; erasing=0.4; auto_augment=randaugment",1.0,0.15,10,0.0,0.0,0.0,0.1,0.5,0.0,0.5,0.0,0.015,0.7,0.4,0.4,randaugment
yolov8m,15,5.029526114463806,1.3584249019622803,1.7219583988189697,1.9491428136825562,0.16657,0.22661,0.28164,0.2511458549921276,0.16657,0.07976,0.07976,25909312,0.0,runner_kw explicit: mosaic=1.0; close_mosaic=10; mixup=0.15,"effective (Ultralytics args.yaml): mosaic=1.0, mixup=0.15, close_mosaic=10, copy_paste=0.0, cutmix=0.0; geo deg/trans/scale/shear=0.0/0.1/0.5/0.0; fliplr/flipud=0.5/0.0; hsv_h/s/v=0.015/0.7/0.4; erasing=0.4; auto_augment=randaugment",1.0,0.15,10,0.0,0.0,0.0,0.1,0.5,0.0,0.5,0.0,0.015,0.7,0.4,0.4,randaugment
yolov8m,16,4.971497654914856,1.353733777999878,1.6801468133926392,1.9376170635223389,0.354,0.34654,0.44962,0.3914070407953284,0.354,0.20788,0.20788,25909312,0.0,runner_kw explicit: mosaic=1.0; close_mosaic=10; mixup=0.15,"effective (Ultralytics args.yaml): mosaic=1.0, mixup=0.15, close_mosaic=10, copy_paste=0.0, cutmix=0.0; geo deg/trans/scale/shear=0.0/0.1/0.5/0.0; fliplr/flipud=0.5/0.0; hsv_h/s/v=0.015/0.7/0.4; erasing=0.4; auto_augment=randaugment",1.0,0.15,10,0.0,0.0,0.0,0.1,0.5,0.0,0.5,0.0,0.015,0.7,0.4,0.4,randaugment
yolov8m,17,5.018831968307495,1.3633031845092773,1.7083510160446167,1.947177767753601,0.51364,0.45177,0.56266,0.5011541618440887,0.51364,0.32492,0.32492,25909312,0.0,runner_kw explicit: mosaic=1.0; close_mosaic=10; mixup=0.15,"effective (Ultralytics args.yaml): mosaic=1.0, mixup=0.15, close_mosaic=10, copy_paste=0.0, cutmix=0.0; geo deg/trans/scale/shear=0.0/0.1/0.5/0.0; fliplr/flipud=0.5/0.0; hsv_h/s/v=0.015/0.7/0.4; erasing=0.4; auto_augment=randaugment",1.0,0.15,10,0.0,0.0,0.0,0.1,0.5,0.0,0.5,0.0,0.015,0.7,0.4,0.4,randaugment
yolov8m,18,4.910256266593933,1.3400111198425293,1.6438735723495483,1.9263715744018555,0.45568,0.40166,0.4935,0.4428687832337875,0.45568,0.26312,0.26312,25909312,0.0,runner_kw explicit: mosaic=1.0; close_mosaic=10; mixup=0.15,"effective (Ultralytics args.yaml): mosaic=1.0, mixup=0.15, close_mosaic=10, copy_paste=0.0, cutmix=0.0; geo deg/trans/scale/shear=0.0/0.1/0.5/0.0; fliplr/flipud=0.5/0.0; hsv_h/s/v=0.015/0.7/0.4; erasing=0.4; auto_augment=randaugment",1.0,0.15,10,0.0,0.0,0.0,0.1,0.5,0.0,0.5,0.0,0.015,0.7,0.4,0.4,randaugment
yolov8m,19,4.903174638748169,1.3462971448898315,1.6330848932266235,1.9237926006317139,0.26883,0.42103,0.231,0.29832348204791453,0.26883,0.14791,0.14791,25909312,0.0,runner_kw explicit: mosaic=1.0; close_mosaic=10; mixup=0.15,"effective (Ultralytics args.yaml): mosaic=1.0, mixup=0.15, close_mosaic=10, copy_paste=0.0, cutmix=0.0; geo deg/trans/scale/shear=0.0/0.1/0.5/0.0; fliplr/flipud=0.5/0.0; hsv_h/s/v=0.015/0.7/0.4; erasing=0.4; auto_augment=randaugment",1.0,0.15,10,0.0,0.0,0.0,0.1,0.5,0.0,0.5,0.0,0.015,0.7,0.4,0.4,randaugment
yolov8m,20,4.792185187339783,1.3139876127243042,1.572548747062683,1.9056488275527954,0.48227,0.46572,0.55058,0.504607138836461,0.48227,0.30078,0.30078,25909312,0.0,runner_kw explicit: mosaic=1.0; close_mosaic=10; mixup=0.15,"effective (Ultralytics args.yaml): mosaic=1.0, mixup=0.15, close_mosaic=10, copy_paste=0.0, cutmix=0.0; geo deg/trans/scale/shear=0.0/0.1/0.5/0.0; fliplr/flipud=0.5/0.0; hsv_h/s/v=0.015/0.7/0.4; erasing=0.4; auto_augment=randaugment",1.0,0.15,10,0.0,0.0,0.0,0.1,0.5,0.0,0.5,0.0,0.015,0.7,0.4,0.4,randaugment
yolov8m,21,4.751621842384338,1.3016300201416016,1.5588942766189575,1.8910975456237793,0.50726,0.49513,0.56256,0.5266955966298945,0.50726,0.3129,0.3129,25909312,0.0,runner_kw explicit: mosaic=1.0; close_mosaic=10; mixup=0.15,"effective (Ultralytics args.yaml): mosaic=1.0, mixup=0.15, close_mosaic=10, copy_paste=0.0, cutmix=0.0; geo deg/trans/scale/shear=0.0/0.1/0.5/0.0; fliplr/flipud=0.5/0.0; hsv_h/s/v=0.015/0.7/0.4; erasing=0.4; auto_augment=randaugment",1.0,0.15,10,0.0,0.0,0.0,0.1,0.5,0.0,0.5,0.0,0.015,0.7,0.4,0.4,randaugment
yolov8m,22,4.714693903923035,1.2923966646194458,1.5311717987060547,1.8911254405975342,0.47233,0.44585,0.5147,0.477807495705088,0.47233,0.29216,0.29216,25909312,0.0,runner_kw explicit: mosaic=1.0; close_mosaic=10; mixup=0.15,"effective (Ultralytics args.yaml): mosaic=1.0, mixup=0.15, close_mosaic=10, copy_paste=0.0, cutmix=0.0; geo deg/trans/scale/shear=0.0/0.1/0.5/0.0; fliplr/flipud=0.5/0.0; hsv_h/s/v=0.015/0.7/0.4; erasing=0.4; auto_augment=randaugment",1.0,0.15,10,0.0,0.0,0.0,0.1,0.5,0.0,0.5,0.0,0.015,0.7,0.4,0.4,randaugment
yolov8m,23,4.697880983352661,1.2911584377288818,1.5223321914672852,1.8843903541564941,0.55437,0.52392,0.61263,0.5648130035629185,0.55437,0.34789,0.34789,25909312,0.0,runner_kw explicit: mosaic=1.0; close_mosaic=10; mixup=0.15,"effective (Ultralytics args.yaml): mosaic=1.0, mixup=0.15, close_mosaic=10, copy_paste=0.0, cutmix=0.0; geo deg/trans/scale/shear=0.0/0.1/0.5/0.0; fliplr/flipud=0.5/0.0; hsv_h/s/v=0.015/0.7/0.4; erasing=0.4; auto_augment=randaugment",1.0,0.15,10,0.0,0.0,0.0,0.1,0.5,0.0,0.5,0.0,0.015,0.7,0.4,0.4,randaugment
yolov8m,24,4.66930627822876,1.2930837869644165,1.4968010187149048,1.8794214725494385,0.58007,0.56757,0.56858,0.5680745510711014,0.58007,0.3601,0.3601,25909312,0.0,runner_kw explicit: mosaic=1.0; close_mosaic=10; mixup=0.15,"effective (Ultralytics args.yaml): mosaic=1.0, mixup=0.15, close_mosaic=10, copy_paste=0.0, cutmix=0.0; geo deg/trans/scale/shear=0.0/0.1/0.5/0.0; fliplr/flipud=0.5/0.0; hsv_h/s/v=0.015/0.7/0.4; erasing=0.4; auto_augment=randaugment",1.0,0.15,10,0.0,0.0,0.0,0.1,0.5,0.0,0.5,0.0,0.015,0.7,0.4,0.4,randaugment
yolov8m,25,4.628580451011658,1.274928092956543,1.4837557077407837,1.869896650314331,0.56605,0.55651,0.61839,0.5858204424201328,0.56605,0.34725,0.34725,25909312,0.0,runner_kw explicit: mosaic=1.0; close_mosaic=10; mixup=0.15,"effective (Ultralytics args.yaml): mosaic=1.0, mixup=0.15, close_mosaic=10, copy_paste=0.0, cutmix=0.0; geo deg/trans/scale/shear=0.0/0.1/0.5/0.0; fliplr/flipud=0.5/0.0; hsv_h/s/v=0.015/0.7/0.4; erasing=0.4; auto_augment=randaugment",1.0,0.15,10,0.0,0.0,0.0,0.1,0.5,0.0,0.5,0.0,0.015,0.7,0.4,0.4,randaugment
yolov8m,26,4.546948194503784,1.2438409328460693,1.4646267890930176,1.8384804725646973,0.51271,0.50284,0.56962,0.5341508695890437,0.51271,0.31902,0.31902,25909312,0.0,runner_kw explicit: mosaic=1.0; close_mosaic=10; mixup=0.15,"effective (Ultralytics args.yaml): mosaic=1.0, mixup=0.15, close_mosaic=10, copy_paste=0.0, cutmix=0.0; geo deg/trans/scale/shear=0.0/0.1/0.5/0.0; fliplr/flipud=0.5/0.0; hsv_h/s/v=0.015/0.7/0.4; erasing=0.4; auto_augment=randaugment",1.0,0.15,10,0.0,0.0,0.0,0.1,0.5,0.0,0.5,0.0,0.015,0.7,0.4,0.4,randaugment
yolov8m,27,4.551622986793518,1.2568944692611694,1.443254828453064,1.8514736890792847,0.637,0.58104,0.64612,0.6118543055505298,0.637,0.38495,0.38495,25909312,0.0,runner_kw explicit: mosaic=1.0; close_mosaic=10; mixup=0.15,"effective (Ultralytics args.yaml): mosaic=1.0, mixup=0.15, close_mosaic=10, copy_paste=0.0, cutmix=0.0; geo deg/trans/scale/shear=0.0/0.1/0.5/0.0; fliplr/flipud=0.5/0.0; hsv_h/s/v=0.015/0.7/0.4; erasing=0.4; auto_augment=randaugment",1.0,0.15,10,0.0,0.0,0.0,0.1,0.5,0.0,0.5,0.0,0.015,0.7,0.4,0.4,randaugment
yolov8m,28,4.532148122787476,1.2583987712860107,1.4270845651626587,1.8466647863388062,0.39894,0.41915,0.49405,0.45352837822990194,0.39894,0.24942,0.24942,25909312,0.0,runner_kw explicit: mosaic=1.0; close_mosaic=10; mixup=0.15,"effective (Ultralytics args.yaml): mosaic=1.0, mixup=0.15, close_mosaic=10, copy_paste=0.0, cutmix=0.0; geo deg/trans/scale/shear=0.0/0.1/0.5/0.0; fliplr/flipud=0.5/0.0; hsv_h/s/v=0.015/0.7/0.4; erasing=0.4; auto_augment=randaugment",1.0,0.15,10,0.0,0.0,0.0,0.1,0.5,0.0,0.5,0.0,0.015,0.7,0.4,0.4,randaugment
yolov8m,29,4.534420728683472,1.257711410522461,1.433368444442749,1.8433408737182617,0.50354,0.49568,0.56376,0.5275325772101039,0.50354,0.3153,0.3153,25909312,0.0,runner_kw explicit: mosaic=1.0; close_mosaic=10; mixup=0.15,"effective (Ultralytics args.yaml): mosaic=1.0, mixup=0.15, close_mosaic=10, copy_paste=0.0, cutmix=0.0; geo deg/trans/scale/shear=0.0/0.1/0.5/0.0; fliplr/flipud=0.5/0.0; hsv_h/s/v=0.015/0.7/0.4; erasing=0.4; auto_augment=randaugment",1.0,0.15,10,0.0,0.0,0.0,0.1,0.5,0.0,0.5,0.0,0.015,0.7,0.4,0.4,randaugment
yolov8m,30,4.48226535320282,1.240420937538147,1.4119898080825806,1.8298546075820923,0.57309,0.55856,0.64852,0.6001877774459022,0.57309,0.36168,0.36168,25909312,0.0,runner_kw explicit: mosaic=1.0; close_mosaic=10; mixup=0.15,"effective (Ultralytics args.yaml): mosaic=1.0, mixup=0.15, close_mosaic=10, copy_paste=0.0, cutmix=0.0; geo deg/trans/scale/shear=0.0/0.1/0.5/0.0; fliplr/flipud=0.5/0.0; hsv_h/s/v=0.015/0.7/0.4; erasing=0.4; auto_augment=randaugment",1.0,0.15,10,0.0,0.0,0.0,0.1,0.5,0.0,0.5,0.0,0.015,0.7,0.4,0.4,randaugment
yolov8m,31,4.41891348361969,1.2300790548324585,1.3710674047470093,1.8177670240402222,0.49792,0.48931,0.54996,0.5178652854402437,0.49792,0.31101,0.31101,25909312,0.0,runner_kw explicit: mosaic=1.0; close_mosaic=10; mixup=0.15,"effective (Ultralytics args.yaml): mosaic=1.0, mixup=0.15, close_mosaic=10, copy_paste=0.0, cutmix=0.0; geo deg/trans/scale/shear=0.0/0.1/0.5/0.0; fliplr/flipud=0.5/0.0; hsv_h/s/v=0.015/0.7/0.4; erasing=0.4; auto_augment=randaugment",1.0,0.15,10,0.0,0.0,0.0,0.1,0.5,0.0,0.5,0.0,0.015,0.7,0.4,0.4,randaugment
yolov8m,32,4.475861072540283,1.2465170621871948,1.4021520614624023,1.827191948890686,0.58974,0.54436,0.63869,0.587764318329244,0.58974,0.36776,0.36776,25909312,0.0,runner_kw explicit: mosaic=1.0; close_mosaic=10; mixup=0.15,"effective (Ultralytics args.yaml): mosaic=1.0, mixup=0.15, close_mosaic=10, copy_paste=0.0, cutmix=0.0; geo deg/trans/scale/shear=0.0/0.1/0.5/0.0; fliplr/flipud=0.5/0.0; hsv_h/s/v=0.015/0.7/0.4; erasing=0.4; auto_augment=randaugment",1.0,0.15,10,0.0,0.0,0.0,0.1,0.5,0.0,0.5,0.0,0.015,0.7,0.4,0.4,randaugment
yolov8m,33,4.416167974472046,1.2242765426635742,1.3786529302597046,1.813238501548767,0.49834,0.45319,0.59319,0.5138243775678875,0.49834,0.30411,0.30411,25909312,0.0,runner_kw explicit: mosaic=1.0; close_mosaic=10; mixup=0.15,"effective (Ultralytics args.yaml): mosaic=1.0, mixup=0.15, close_mosaic=10, copy_paste=0.0, cutmix=0.0; geo deg/trans/scale/shear=0.0/0.1/0.5/0.0; fliplr/flipud=0.5/0.0; hsv_h/s/v=0.015/0.7/0.4; erasing=0.4; auto_augment=randaugment",1.0,0.15,10,0.0,0.0,0.0,0.1,0.5,0.0,0.5,0.0,0.015,0.7,0.4,0.4,randaugment
yolov8m,34,4.382352828979492,1.2171447277069092,1.3586703538894653,1.8065377473831177,0.60447,0.56385,0.63906,0.5991038082644594,0.60447,0.38178,0.38178,25909312,0.0,runner_kw explicit: mosaic=1.0; close_mosaic=10; mixup=0.15,"effective (Ultralytics args.yaml): mosaic=1.0, mixup=0.15, close_mosaic=10, copy_paste=0.0, cutmix=0.0; geo deg/trans/scale/shear=0.0/0.1/0.5/0.0; fliplr/flipud=0.5/0.0; hsv_h/s/v=0.015/0.7/0.4; erasing=0.4; auto_augment=randaugment",1.0,0.15,10,0.0,0.0,0.0,0.1,0.5,0.0,0.5,0.0,0.015,0.7,0.4,0.4,randaugment
yolov8m,35,4.339605212211609,1.2147079706192017,1.3285033702850342,1.796393871307373,0.64148,0.61382,0.63896,0.626137753156479,0.64148,0.39532,0.39532,25909312,0.0,runner_kw explicit: mosaic=1.0; close_mosaic=10; mixup=0.15,"effective (Ultralytics args.yaml): mosaic=1.0, mixup=0.15, close_mosaic=10, copy_paste=0.0, cutmix=0.0; geo deg/trans/scale/shear=0.0/0.1/0.5/0.0; fliplr/flipud=0.5/0.0; hsv_h/s/v=0.015/0.7/0.4; erasing=0.4; auto_augment=randaugment",1.0,0.15,10,0.0,0.0,0.0,0.1,0.5,0.0,0.5,0.0,0.015,0.7,0.4,0.4,randaugment
yolov8m,36,4.279556035995483,1.2006847858428955,1.2918950319290161,1.7869762182235718,0.63629,0.58168,0.67897,0.6265708477367813,0.63629,0.39812,0.39812,25909312,0.0,runner_kw explicit: mosaic=1.0; close_mosaic=10; mixup=0.15,"effective (Ultralytics args.yaml): mosaic=1.0, mixup=0.15, close_mosaic=10, copy_paste=0.0, cutmix=0.0; geo deg/trans/scale/shear=0.0/0.1/0.5/0.0; fliplr/flipud=0.5/0.0; hsv_h/s/v=0.015/0.7/0.4; erasing=0.4; auto_augment=randaugment",1.0,0.15,10,0.0,0.0,0.0,0.1,0.5,0.0,0.5,0.0,0.015,0.7,0.4,0.4,randaugment
yolov8m,37,4.290741562843323,1.1969234943389893,1.3060795068740845,1.787738561630249,0.63182,0.60169,0.67043,0.6342027901450851,0.63182,0.392,0.392,25909312,0.0,runner_kw explicit: mosaic=1.0; close_mosaic=10; mixup=0.15,"effective (Ultralytics args.yaml): mosaic=1.0, mixup=0.15, close_mosaic=10, copy_paste=0.0, cutmix=0.0; geo deg/trans/scale/shear=0.0/0.1/0.5/0.0; fliplr/flipud=0.5/0.0; hsv_h/s/v=0.015/0.7/0.4; erasing=0.4; auto_augment=randaugment",1.0,0.15,10,0.0,0.0,0.0,0.1,0.5,0.0,0.5,0.0,0.015,0.7,0.4,0.4,randaugment
yolov8m,38,4.266210198402405,1.200861930847168,1.2824214696884155,1.7829267978668213,0.61652,0.59847,0.61909,0.608605394887637,0.61652,0.38319,0.38319,25909312,0.0,runner_kw explicit: mosaic=1.0; close_mosaic=10; mixup=0.15,"effective (Ultralytics args.yaml): mosaic=1.0, mixup=0.15, close_mosaic=10, copy_paste=0.0, cutmix=0.0; geo deg/trans/scale/shear=0.0/0.1/0.5/0.0; fliplr/flipud=0.5/0.0; hsv_h/s/v=0.015/0.7/0.4; erasing=0.4; auto_augment=randaugment",1.0,0.15,10,0.0,0.0,0.0,0.1,0.5,0.0,0.5,0.0,0.015,0.7,0.4,0.4,randaugment
yolov8m,39,4.240137577056885,1.1932494640350342,1.2756272554397583,1.7712608575820923,0.63414,0.5888,0.64448,0.6153830825111771,0.63414,0.39132,0.39132,25909312,0.0,runner_kw explicit: mosaic=1.0; close_mosaic=10; mixup=0.15,"effective (Ultralytics args.yaml): mosaic=1.0, mixup=0.15, close_mosaic=10, copy_paste=0.0, cutmix=0.0; geo deg/trans/scale/shear=0.0/0.1/0.5/0.0; fliplr/flipud=0.5/0.0; hsv_h/s/v=0.015/0.7/0.4; erasing=0.4; auto_augment=randaugment",1.0,0.15,10,0.0,0.0,0.0,0.1,0.5,0.0,0.5,0.0,0.015,0.7,0.4,0.4,randaugment
yolov8m,40,4.270941138267517,1.1975655555725098,1.2914707660675049,1.7819048166275024,0.67075,0.65628,0.65036,0.6533065891135635,0.67075,0.40747,0.40747,25909312,0.0,runner_kw explicit: mosaic=1.0; close_mosaic=10; mixup=0.15,"effective (Ultralytics args.yaml): mosaic=1.0, mixup=0.15, close_mosaic=10, copy_paste=0.0, cutmix=0.0; geo deg/trans/scale/shear=0.0/0.1/0.5/0.0; fliplr/flipud=0.5/0.0; hsv_h/s/v=0.015/0.7/0.4; erasing=0.4; auto_augment=randaugment",1.0,0.15,10,0.0,0.0,0.0,0.1,0.5,0.0,0.5,0.0,0.015,0.7,0.4,0.4,randaugment
yolov8m,41,4.213116645812988,1.1828899383544922,1.2574865818023682,1.772740125656128,0.56086,0.5378,0.62919,0.5799165065676827,0.56086,0.34534,0.34534,25909312,0.0,runner_kw explicit: mosaic=1.0; close_mosaic=10; mixup=0.15,"effective (Ultralytics args.yaml): mosaic=1.0, mixup=0.15, close_mosaic=10, copy_paste=0.0, cutmix=0.0; geo deg/trans/scale/shear=0.0/0.1/0.5/0.0; fliplr/flipud=0.5/0.0; hsv_h/s/v=0.015/0.7/0.4; erasing=0.4; auto_augment=randaugment",1.0,0.15,10,0.0,0.0,0.0,0.1,0.5,0.0,0.5,0.0,0.015,0.7,0.4,0.4,randaugment
yolov8m,42,4.1805033683776855,1.1726449728012085,1.2462462186813354,1.7616121768951416,0.64051,0.61467,0.66254,0.6377079130286815,0.64051,0.39005,0.39005,25909312,0.0,runner_kw explicit: mosaic=1.0; close_mosaic=10; mixup=0.15,"effective (Ultralytics args.yaml): mosaic=1.0, mixup=0.15, close_mosaic=10, copy_paste=0.0, cutmix=0.0; geo deg/trans/scale/shear=0.0/0.1/0.5/0.0; fliplr/flipud=0.5/0.0; hsv_h/s/v=0.015/0.7/0.4; erasing=0.4; auto_augment=randaugment",1.0,0.15,10,0.0,0.0,0.0,0.1,0.5,0.0,0.5,0.0,0.015,0.7,0.4,0.4,randaugment
yolov8m,43,4.1283780336380005,1.16439950466156,1.2144345045089722,1.7495440244674683,0.63052,0.63282,0.65452,0.6434871073681829,0.63052,0.37257,0.37257,25909312,0.0,runner_kw explicit: mosaic=1.0; close_mosaic=10; mixup=0.15,"effective (Ultralytics args.yaml): mosaic=1.0, mixup=0.15, close_mosaic=10, copy_paste=0.0, cutmix=0.0; geo deg/trans/scale/shear=0.0/0.1/0.5/0.0; fliplr/flipud=0.5/0.0; hsv_h/s/v=0.015/0.7/0.4; erasing=0.4; auto_augment=randaugment",1.0,0.15,10,0.0,0.0,0.0,0.1,0.5,0.0,0.5,0.0,0.015,0.7,0.4,0.4,randaugment
yolov8m,44,4.1644227504730225,1.171905517578125,1.2341268062591553,1.7583904266357422,0.56471,0.60628,0.58292,0.594370564412551,0.56471,0.34313,0.34313,25909312,0.0,runner_kw explicit: mosaic=1.0; close_mosaic=10; mixup=0.15,"effective (Ultralytics args.yaml): mosaic=1.0, mixup=0.15, close_mosaic=10, copy_paste=0.0, cutmix=0.0; geo deg/trans/scale/shear=0.0/0.1/0.5/0.0; fliplr/flipud=0.5/0.0; hsv_h/s/v=0.015/0.7/0.4; erasing=0.4; auto_augment=randaugment",1.0,0.15,10,0.0,0.0,0.0,0.1,0.5,0.0,0.5,0.0,0.015,0.7,0.4,0.4,randaugment
yolov8m,45,4.151580095291138,1.1742384433746338,1.2143696546554565,1.7629719972610474,0.63222,0.63577,0.63621,0.6359899238976744,0.63222,0.38379,0.38379,25909312,0.0,runner_kw explicit: mosaic=1.0; close_mosaic=10; mixup=0.15,"effective (Ultralytics args.yaml): mosaic=1.0, mixup=0.15, close_mosaic=10, copy_paste=0.0, cutmix=0.0; geo deg/trans/scale/shear=0.0/0.1/0.5/0.0; fliplr/flipud=0.5/0.0; hsv_h/s/v=0.015/0.7/0.4; erasing=0.4; auto_augment=randaugment",1.0,0.15,10,0.0,0.0,0.0,0.1,0.5,0.0,0.5,0.0,0.015,0.7,0.4,0.4,randaugment
yolov8m,46,4.1095064878463745,1.1608102321624756,1.1916546821594238,1.757041573524475,0.6641,0.65784,0.66567,0.6617318385197982,0.6641,0.40159,0.40159,25909312,0.0,runner_kw explicit: mosaic=1.0; close_mosaic=10; mixup=0.15,"effective (Ultralytics args.yaml): mosaic=1.0, mixup=0.15, close_mosaic=10, copy_paste=0.0, cutmix=0.0; geo deg/trans/scale/shear=0.0/0.1/0.5/0.0; fliplr/flipud=0.5/0.0; hsv_h/s/v=0.015/0.7/0.4; erasing=0.4; auto_augment=randaugment",1.0,0.15,10,0.0,0.0,0.0,0.1,0.5,0.0,0.5,0.0,0.015,0.7,0.4,0.4,randaugment
yolov8m,47,4.058935165405273,1.1470550298690796,1.1820459365844727,1.7298341989517212,0.61542,0.58551,0.66503,0.6227417200564374,0.61542,0.37466,0.37466,25909312,0.0,runner_kw explicit: mosaic=1.0; close_mosaic=10; mixup=0.15,"effective (Ultralytics args.yaml): mosaic=1.0, mixup=0.15, close_mosaic=10, copy_paste=0.0, cutmix=0.0; geo deg/trans/scale/shear=0.0/0.1/0.5/0.0; fliplr/flipud=0.5/0.0; hsv_h/s/v=0.015/0.7/0.4; erasing=0.4; auto_augment=randaugment",1.0,0.15,10,0.0,0.0,0.0,0.1,0.5,0.0,0.5,0.0,0.015,0.7,0.4,0.4,randaugment
yolov8m,48,4.05691921710968,1.1514548063278198,1.1730217933654785,1.7324426174163818,0.6786,0.66441,0.69928,0.6813991813383675,0.6786,0.41066,0.41066,25909312,0.0,runner_kw explicit: mosaic=1.0; close_mosaic=10; mixup=0.15,"effective (Ultralytics args.yaml): mosaic=1.0, mixup=0.15, close_mosaic=10, copy_paste=0.0, cutmix=0.0; geo deg/trans/scale/shear=0.0/0.1/0.5/0.0; fliplr/flipud=0.5/0.0; hsv_h/s/v=0.015/0.7/0.4; erasing=0.4; auto_augment=randaugment",1.0,0.15,10,0.0,0.0,0.0,0.1,0.5,0.0,0.5,0.0,0.015,0.7,0.4,0.4,randaugment
yolov8m,49,4.0102328062057495,1.138418436050415,1.1448079347610474,1.727006435394287,0.60246,0.58613,0.62567,0.6052549217687694,0.60246,0.38064,0.38064,25909312,0.0,runner_kw explicit: mosaic=1.0; close_mosaic=10; mixup=0.15,"effective (Ultralytics args.yaml): mosaic=1.0, mixup=0.15, close_mosaic=10, copy_paste=0.0, cutmix=0.0; geo deg/trans/scale/shear=0.0/0.1/0.5/0.0; fliplr/flipud=0.5/0.0; hsv_h/s/v=0.015/0.7/0.4; erasing=0.4; auto_augment=randaugment",1.0,0.15,10,0.0,0.0,0.0,0.1,0.5,0.0,0.5,0.0,0.015,0.7,0.4,0.4,randaugment
yolov8m,50,3.9791091680526733,1.1303255558013916,1.131967544555664,1.7168160676956177,0.65591,0.66171,0.65264,0.6571437051008808,0.65591,0.41049,0.41049,25909312,0.0,runner_kw explicit: mosaic=1.0; close_mosaic=10; mixup=0.15,"effective (Ultralytics args.yaml): mosaic=1.0, mixup=0.15, close_mosaic=10, copy_paste=0.0, cutmix=0.0; geo deg/trans/scale/shear=0.0/0.1/0.5/0.0; fliplr/flipud=0.5/0.0; hsv_h/s/v=0.015/0.7/0.4; erasing=0.4; auto_augment=randaugment",1.0,0.15,10,0.0,0.0,0.0,0.1,0.5,0.0,0.5,0.0,0.015,0.7,0.4,0.4,randaugment
yolov8m,51,3.9364508390426636,1.1205543279647827,1.1150270700454712,1.7008694410324097,0.66977,0.61835,0.70162,0.6573584657222077,0.66977,0.40888,0.40888,25909312,0.0,runner_kw explicit: mosaic=1.0; close_mosaic=10; mixup=0.15,"effective (Ultralytics args.yaml): mosaic=1.0, mixup=0.15, close_mosaic=10, copy_paste=0.0, cutmix=0.0; geo deg/trans/scale/shear=0.0/0.1/0.5/0.0; fliplr/flipud=0.5/0.0; hsv_h/s/v=0.015/0.7/0.4; erasing=0.4; auto_augment=randaugment",1.0,0.15,10,0.0,0.0,0.0,0.1,0.5,0.0,0.5,0.0,0.015,0.7,0.4,0.4,randaugment
yolov8m,52,3.983350992202759,1.1291016340255737,1.1399778127670288,1.7142715454101562,0.6469,0.66682,0.64544,0.6559558331423224,0.6469,0.38733,0.38733,25909312,0.0,runner_kw explicit: mosaic=1.0; close_mosaic=10; mixup=0.15,"effective (Ultralytics args.yaml): mosaic=1.0, mixup=0.15, close_mosaic=10, copy_paste=0.0, cutmix=0.0; geo deg/trans/scale/shear=0.0/0.1/0.5/0.0; fliplr/flipud=0.5/0.0; hsv_h/s/v=0.015/0.7/0.4; erasing=0.4; auto_augment=randaugment",1.0,0.15,10,0.0,0.0,0.0,0.1,0.5,0.0,0.5,0.0,0.015,0.7,0.4,0.4,randaugment
yolov8m,53,4.007801651954651,1.1375607252120972,1.1518086194992065,1.7184323072433472,0.66972,0.64532,0.66179,0.6534512363912345,0.66972,0.40818,0.40818,25909312,0.0,runner_kw explicit: mosaic=1.0; close_mosaic=10; mixup=0.15,"effective (Ultralytics args.yaml): mosaic=1.0, mixup=0.15, close_mosaic=10, copy_paste=0.0, cutmix=0.0; geo deg/trans/scale/shear=0.0/0.1/0.5/0.0; fliplr/flipud=0.5/0.0; hsv_h/s/v=0.015/0.7/0.4; erasing=0.4; auto_augment=randaugment",1.0,0.15,10,0.0,0.0,0.0,0.1,0.5,0.0,0.5,0.0,0.015,0.7,0.4,0.4,randaugment
yolov8m,54,3.905045986175537,1.1144554615020752,1.0948774814605713,1.6957130432128906,0.65867,0.6347,0.6816,0.6573144723842154,0.65867,0.40558,0.40558,25909312,0.0,runner_kw explicit: mosaic=1.0; close_mosaic=10; mixup=0.15,"effective (Ultralytics args.yaml): mosaic=1.0, mixup=0.15, close_mosaic=10, copy_paste=0.0, cutmix=0.0; geo deg/trans/scale/shear=0.0/0.1/0.5/0.0; fliplr/flipud=0.5/0.0; hsv_h/s/v=0.015/0.7/0.4; erasing=0.4; auto_augment=randaugment",1.0,0.15,10,0.0,0.0,0.0,0.1,0.5,0.0,0.5,0.0,0.015,0.7,0.4,0.4,randaugment
yolov8m,55,3.8771220445632935,1.1032592058181763,1.0885038375854492,1.685359001159668,0.64718,0.62659,0.67143,0.6482355028422918,0.64718,0.40312,0.40312,25909312,0.0,runner_kw explicit: mosaic=1.0; close_mosaic=10; mixup=0.15,"effective (Ultralytics args.yaml): mosaic=1.0, mixup=0.15, close_mosaic=10, copy_paste=0.0, cutmix=0.0; geo deg/trans/scale/shear=0.0/0.1/0.5/0.0; fliplr/flipud=0.5/0.0; hsv_h/s/v=0.015/0.7/0.4; erasing=0.4; auto_augment=randaugment",1.0,0.15,10,0.0,0.0,0.0,0.1,0.5,0.0,0.5,0.0,0.015,0.7,0.4,0.4,randaugment
yolov8m,56,3.8583911657333374,1.0959948301315308,1.0810495615005493,1.6813467741012573,0.60279,0.57134,0.60925,0.5896863347982028,0.60279,0.36952,0.36952,25909312,0.0,runner_kw explicit: mosaic=1.0; close_mosaic=10; mixup=0.15,"effective (Ultralytics args.yaml): mosaic=1.0, mixup=0.15, close_mosaic=10, copy_paste=0.0, cutmix=0.0; geo deg/trans/scale/shear=0.0/0.1/0.5/0.0; fliplr/flipud=0.5/0.0; hsv_h/s/v=0.015/0.7/0.4; erasing=0.4; auto_augment=randaugment",1.0,0.15,10,0.0,0.0,0.0,0.1,0.5,0.0,0.5,0.0,0.015,0.7,0.4,0.4,randaugment
yolov8m,57,3.8367228507995605,1.0980805158615112,1.06206476688385,1.6765775680541992,0.64889,0.62124,0.69321,0.655254715507889,0.64889,0.3968,0.3968,25909312,0.0,runner_kw explicit: mosaic=1.0; close_mosaic=10; mixup=0.15,"effective (Ultralytics args.yaml): mosaic=1.0, mixup=0.15, close_mosaic=10, copy_paste=0.0, cutmix=0.0; geo deg/trans/scale/shear=0.0/0.1/0.5/0.0; fliplr/flipud=0.5/0.0; hsv_h/s/v=0.015/0.7/0.4; erasing=0.4; auto_augment=randaugment",1.0,0.15,10,0.0,0.0,0.0,0.1,0.5,0.0,0.5,0.0,0.015,0.7,0.4,0.4,randaugment
yolov8m,58,3.833242177963257,1.091040015220642,1.0706110000610352,1.6715911626815796,0.64764,0.68462,0.65123,0.6675077031098794,0.64764,0.39577,0.39577,25909312,0.0,runner_kw explicit: mosaic=1.0; close_mosaic=10; mixup=0.15,"effective (Ultralytics args.yaml): mosaic=1.0, mixup=0.15, close_mosaic=10, copy_paste=0.0, cutmix=0.0; geo deg/trans/scale/shear=0.0/0.1/0.5/0.0; fliplr/flipud=0.5/0.0; hsv_h/s/v=0.015/0.7/0.4; erasing=0.4; auto_augment=randaugment",1.0,0.15,10,0.0,0.0,0.0,0.1,0.5,0.0,0.5,0.0,0.015,0.7,0.4,0.4,randaugment
yolov8m,59,3.832188606262207,1.0920863151550293,1.0637129545211792,1.6763893365859985,0.6355,0.6254,0.67014,0.6469974774992303,0.6355,0.38344,0.38344,25909312,0.0,runner_kw explicit: mosaic=1.0; close_mosaic=10; mixup=0.15,"effective (Ultralytics args.yaml): mosaic=1.0, mixup=0.15, close_mosaic=10, copy_paste=0.0, cutmix=0.0; geo deg/trans/scale/shear=0.0/0.1/0.5/0.0; fliplr/flipud=0.5/0.0; hsv_h/s/v=0.015/0.7/0.4; erasing=0.4; auto_augment=randaugment",1.0,0.15,10,0.0,0.0,0.0,0.1,0.5,0.0,0.5,0.0,0.015,0.7,0.4,0.4,randaugment
yolov8m,60,3.7784746885299683,1.0756871700286865,1.0469231605529785,1.6558643579483032,0.69931,0.66112,0.70638,0.6830010173303962,0.69931,0.41982,0.41982,25909312,0.0,runner_kw explicit: mosaic=1.0; close_mosaic=10; mixup=0.15,"effective (Ultralytics args.yaml): mosaic=1.0, mixup=0.15, close_mosaic=10, copy_paste=0.0, cutmix=0.0; geo deg/trans/scale/shear=0.0/0.1/0.5/0.0; fliplr/flipud=0.5/0.0; hsv_h/s/v=0.015/0.7/0.4; erasing=0.4; auto_augment=randaugment",1.0,0.15,10,0.0,0.0,0.0,0.1,0.5,0.0,0.5,0.0,0.015,0.7,0.4,0.4,randaugment
yolov8m,61,3.746693253517151,1.0724481344223022,1.0165824890136719,1.6576626300811768,0.65528,0.66616,0.67901,0.6725236239280741,0.65528,0.40537,0.40537,25909312,0.0,runner_kw explicit: mosaic=1.0; close_mosaic=10; mixup=0.15,"effective (Ultralytics args.yaml): mosaic=1.0, mixup=0.15, close_mosaic=10, copy_paste=0.0, cutmix=0.0; geo deg/trans/scale/shear=0.0/0.1/0.5/0.0; fliplr/flipud=0.5/0.0; hsv_h/s/v=0.015/0.7/0.4; erasing=0.4; auto_augment=randaugment",1.0,0.15,10,0.0,0.0,0.0,0.1,0.5,0.0,0.5,0.0,0.015,0.7,0.4,0.4,randaugment
yolov8m,62,3.7650099992752075,1.0773289203643799,1.0253454446792603,1.6623356342315674,0.66216,0.6349,0.68014,0.6567418268640827,0.66216,0.40198,0.40198,25909312,0.0,runner_kw explicit: mosaic=1.0; close_mosaic=10; mixup=0.15,"effective (Ultralytics args.yaml): mosaic=1.0, mixup=0.15, close_mosaic=10, copy_paste=0.0, cutmix=0.0; geo deg/trans/scale/shear=0.0/0.1/0.5/0.0; fliplr/flipud=0.5/0.0; hsv_h/s/v=0.015/0.7/0.4; erasing=0.4; auto_augment=randaugment",1.0,0.15,10,0.0,0.0,0.0,0.1,0.5,0.0,0.5,0.0,0.015,0.7,0.4,0.4,randaugment
yolov8m,63,3.7332403659820557,1.0693167448043823,1.0127599239349365,1.6511636972427368,0.66735,0.68401,0.66724,0.6755209360217017,0.66735,0.39715,0.39715,25909312,0.0,runner_kw explicit: mosaic=1.0; close_mosaic=10; mixup=0.15,"effective (Ultralytics args.yaml): mosaic=1.0, mixup=0.15, close_mosaic=10, copy_paste=0.0, cutmix=0.0; geo deg/trans/scale/shear=0.0/0.1/0.5/0.0; fliplr/flipud=0.5/0.0; hsv_h/s/v=0.015/0.7/0.4; erasing=0.4; auto_augment=randaugment",1.0,0.15,10,0.0,0.0,0.0,0.1,0.5,0.0,0.5,0.0,0.015,0.7,0.4,0.4,randaugment
yolov8m,64,3.6852803230285645,1.0533397197723389,0.9924949407577515,1.6394456624984741,0.63012,0.66878,0.66066,0.664695202189896,0.63012,0.37129,0.37129,25909312,0.0,runner_kw explicit: mosaic=1.0; close_mosaic=10; mixup=0.15,"effective (Ultralytics args.yaml): mosaic=1.0, mixup=0.15, close_mosaic=10, copy_paste=0.0, cutmix=0.0; geo deg/trans/scale/shear=0.0/0.1/0.5/0.0; fliplr/flipud=0.5/0.0; hsv_h/s/v=0.015/0.7/0.4; erasing=0.4; auto_augment=randaugment",1.0,0.15,10,0.0,0.0,0.0,0.1,0.5,0.0,0.5,0.0,0.015,0.7,0.4,0.4,randaugment
yolov8m,65,3.7163952589035034,1.060912013053894,1.0143572092056274,1.641126036643982,0.66127,0.69607,0.63503,0.6641504501535089,0.66127,0.40869,0.40869,25909312,0.0,runner_kw explicit: mosaic=1.0; close_mosaic=10; mixup=0.15,"effective (Ultralytics args.yaml): mosaic=1.0, mixup=0.15, close_mosaic=10, copy_paste=0.0, cutmix=0.0; geo deg/trans/scale/shear=0.0/0.1/0.5/0.0; fliplr/flipud=0.5/0.0; hsv_h/s/v=0.015/0.7/0.4; erasing=0.4; auto_augment=randaugment",1.0,0.15,10,0.0,0.0,0.0,0.1,0.5,0.0,0.5,0.0,0.015,0.7,0.4,0.4,randaugment
yolov8m,66,3.6299344301223755,1.0341233015060425,0.9727538824081421,1.623057246208191,0.65205,0.64043,0.63819,0.6393080378840943,0.65205,0.39903,0.39903,25909312,0.0,runner_kw explicit: mosaic=1.0; close_mosaic=10; mixup=0.15,"effective (Ultralytics args.yaml): mosaic=1.0, mixup=0.15, close_mosaic=10, copy_paste=0.0, cutmix=0.0; geo deg/trans/scale/shear=0.0/0.1/0.5/0.0; fliplr/flipud=0.5/0.0; hsv_h/s/v=0.015/0.7/0.4; erasing=0.4; auto_augment=randaugment",1.0,0.15,10,0.0,0.0,0.0,0.1,0.5,0.0,0.5,0.0,0.015,0.7,0.4,0.4,randaugment
yolov8m,67,3.603300929069519,1.0252705812454224,0.9680572748184204,1.6099730730056763,0.68551,0.68724,0.67,0.6785105066158685,0.68551,0.41834,0.41834,25909312,0.0,runner_kw explicit: mosaic=1.0; close_mosaic=10; mixup=0.15,"effective (Ultralytics args.yaml): mosaic=1.0, mixup=0.15, close_mosaic=10, copy_paste=0.0, cutmix=0.0; geo deg/trans/scale/shear=0.0/0.1/0.5/0.0; fliplr/flipud=0.5/0.0; hsv_h/s/v=0.015/0.7/0.4; erasing=0.4; auto_augment=randaugment",1.0,0.15,10,0.0,0.0,0.0,0.1,0.5,0.0,0.5,0.0,0.015,0.7,0.4,0.4,randaugment
yolov8m,68,3.605318784713745,1.0287439823150635,0.9560765027999878,1.6204982995986938,0.61272,0.61857,0.63136,0.6248995626950109,0.61272,0.37183,0.37183,25909312,0.0,runner_kw explicit: mosaic=1.0; close_mosaic=10; mixup=0.15,"effective (Ultralytics args.yaml): mosaic=1.0, mixup=0.15, close_mosaic=10, copy_paste=0.0, cutmix=0.0; geo deg/trans/scale/shear=0.0/0.1/0.5/0.0; fliplr/flipud=0.5/0.0; hsv_h/s/v=0.015/0.7/0.4; erasing=0.4; auto_augment=randaugment",1.0,0.15,10,0.0,0.0,0.0,0.1,0.5,0.0,0.5,0.0,0.015,0.7,0.4,0.4,randaugment
yolov8m,69,3.5443477630615234,1.0071156024932861,0.9363225698471069,1.6009095907211304,0.6478,0.68453,0.64794,0.665732614167174,0.6478,0.39075,0.39075,25909312,0.0,runner_kw explicit: mosaic=1.0; close_mosaic=10; mixup=0.15,"effective (Ultralytics args.yaml): mosaic=1.0, mixup=0.15, close_mosaic=10, copy_paste=0.0, cutmix=0.0; geo deg/trans/scale/shear=0.0/0.1/0.5/0.0; fliplr/flipud=0.5/0.0; hsv_h/s/v=0.015/0.7/0.4; erasing=0.4; auto_augment=randaugment",1.0,0.15,10,0.0,0.0,0.0,0.1,0.5,0.0,0.5,0.0,0.015,0.7,0.4,0.4,randaugment
yolov8m,70,3.5567272901535034,1.017398476600647,0.9334156513214111,1.6059131622314453,0.65595,0.674,0.67133,0.6726623505008639,0.65595,0.40397,0.40397,25909312,0.0,runner_kw explicit: mosaic=1.0; close_mosaic=10; mixup=0.15,"effective (Ultralytics args.yaml): mosaic=1.0, mixup=0.15, close_mosaic=10, copy_paste=0.0, cutmix=0.0; geo deg/trans/scale/shear=0.0/0.1/0.5/0.0; fliplr/flipud=0.5/0.0; hsv_h/s/v=0.015/0.7/0.4; erasing=0.4; auto_augment=randaugment",1.0,0.15,10,0.0,0.0,0.0,0.1,0.5,0.0,0.5,0.0,0.015,0.7,0.4,0.4,randaugment
yolov8m,71,3.5653417110443115,1.023034691810608,0.9334121942520142,1.6088948249816895,0.65446,0.68285,0.6641,0.6733444968256628,0.65446,0.4053,0.4053,25909312,0.0,runner_kw explicit: mosaic=1.0; close_mosaic=10; mixup=0.15,"effective (Ultralytics args.yaml): mosaic=1.0, mixup=0.15, close_mosaic=10, copy_paste=0.0, cutmix=0.0; geo deg/trans/scale/shear=0.0/0.1/0.5/0.0; fliplr/flipud=0.5/0.0; hsv_h/s/v=0.015/0.7/0.4; erasing=0.4; auto_augment=randaugment",1.0,0.15,10,0.0,0.0,0.0,0.1,0.5,0.0,0.5,0.0,0.015,0.7,0.4,0.4,randaugment
yolov8m,72,3.5336100459098816,1.0099202394485474,0.924685537815094,1.5990042686462402,0.66121,0.65885,0.67286,0.6657813052386287,0.66121,0.39997,0.39997,25909312,0.0,runner_kw explicit: mosaic=1.0; close_mosaic=10; mixup=0.15,"effective (Ultralytics args.yaml): mosaic=1.0, mixup=0.15, close_mosaic=10, copy_paste=0.0, cutmix=0.0; geo deg/trans/scale/shear=0.0/0.1/0.5/0.0; fliplr/flipud=0.5/0.0; hsv_h/s/v=0.015/0.7/0.4; erasing=0.4; auto_augment=randaugment",1.0,0.15,10,0.0,0.0,0.0,0.1,0.5,0.0,0.5,0.0,0.015,0.7,0.4,0.4,randaugment
yolov8m,73,3.4892925024032593,0.995080292224884,0.9142442345619202,1.579967975616455,0.64787,0.63738,0.67571,0.6559855604713645,0.64787,0.40292,0.40292,25909312,0.0,runner_kw explicit: mosaic=1.0; close_mosaic=10; mixup=0.15,"effective (Ultralytics args.yaml): mosaic=1.0, mixup=0.15, close_mosaic=10, copy_paste=0.0, cutmix=0.0; geo deg/trans/scale/shear=0.0/0.1/0.5/0.0; fliplr/flipud=0.5/0.0; hsv_h/s/v=0.015/0.7/0.4; erasing=0.4; auto_augment=randaugment",1.0,0.15,10,0.0,0.0,0.0,0.1,0.5,0.0,0.5,0.0,0.015,0.7,0.4,0.4,randaugment
yolov8m,74,3.4707399010658264,0.9864868521690369,0.9083876609802246,1.575865387916565,0.68352,0.63064,0.70055,0.6637592710276792,0.68352,0.41903,0.41903,25909312,0.0,runner_kw explicit: mosaic=1.0; close_mosaic=10; mixup=0.15,"effective (Ultralytics args.yaml): mosaic=1.0, mixup=0.15, close_mosaic=10, copy_paste=0.0, cutmix=0.0; geo deg/trans/scale/shear=0.0/0.1/0.5/0.0; fliplr/flipud=0.5/0.0; hsv_h/s/v=0.015/0.7/0.4; erasing=0.4; auto_augment=randaugment",1.0,0.15,10,0.0,0.0,0.0,0.1,0.5,0.0,0.5,0.0,0.015,0.7,0.4,0.4,randaugment
yolov8m,75,3.422588288784027,0.9798586964607239,0.8725612163543701,1.570168375968933,0.63328,0.59699,0.67667,0.6343376149045786,0.63328,0.39337,0.39337,25909312,0.0,runner_kw explicit: mosaic=1.0; close_mosaic=10; mixup=0.15,"effective (Ultralytics args.yaml): mosaic=1.0, mixup=0.15, close_mosaic=10, copy_paste=0.0, cutmix=0.0; geo deg/trans/scale/shear=0.0/0.1/0.5/0.0; fliplr/flipud=0.5/0.0; hsv_h/s/v=0.015/0.7/0.4; erasing=0.4; auto_augment=randaugment",1.0,0.15,10,0.0,0.0,0.0,0.1,0.5,0.0,0.5,0.0,0.015,0.7,0.4,0.4,randaugment
yolov8m,76,3.437346935272217,0.9833254814147949,0.8821920156478882,1.5718294382095337,0.65243,0.64416,0.68491,0.6639102915567547,0.65243,0.39761,0.39761,25909312,0.0,runner_kw explicit: mosaic=1.0; close_mosaic=10; mixup=0.15,"effective (Ultralytics args.yaml): mosaic=1.0, mixup=0.15, close_mosaic=10, copy_paste=0.0, cutmix=0.0; geo deg/trans/scale/shear=0.0/0.1/0.5/0.0; fliplr/flipud=0.5/0.0; hsv_h/s/v=0.015/0.7/0.4; erasing=0.4; auto_augment=randaugment",1.0,0.15,10,0.0,0.0,0.0,0.1,0.5,0.0,0.5,0.0,0.015,0.7,0.4,0.4,randaugment
yolov8m,77,3.4081939458847046,0.9658731818199158,0.8822212815284729,1.560099482536316,0.66069,0.67237,0.68597,0.6791019168980673,0.66069,0.40301,0.40301,25909312,0.0,runner_kw explicit: mosaic=1.0; close_mosaic=10; mixup=0.15,"effective (Ultralytics args.yaml): mosaic=1.0, mixup=0.15, close_mosaic=10, copy_paste=0.0, cutmix=0.0; geo deg/trans/scale/shear=0.0/0.1/0.5/0.0; fliplr/flipud=0.5/0.0; hsv_h/s/v=0.015/0.7/0.4; erasing=0.4; auto_augment=randaugment",1.0,0.15,10,0.0,0.0,0.0,0.1,0.5,0.0,0.5,0.0,0.015,0.7,0.4,0.4,randaugment
yolov8m,78,3.3775192499160767,0.9555218815803528,0.8690763115882874,1.5529210567474365,0.66871,0.6781,0.69846,0.6881294327884814,0.66871,0.40768,0.40768,25909312,0.0,runner_kw explicit: mosaic=1.0; close_mosaic=10; mixup=0.15,"effective (Ultralytics args.yaml): mosaic=1.0, mixup=0.15, close_mosaic=10, copy_paste=0.0, cutmix=0.0; geo deg/trans/scale/shear=0.0/0.1/0.5/0.0; fliplr/flipud=0.5/0.0; hsv_h/s/v=0.015/0.7/0.4; erasing=0.4; auto_augment=randaugment",1.0,0.15,10,0.0,0.0,0.0,0.1,0.5,0.0,0.5,0.0,0.015,0.7,0.4,0.4,randaugment
yolov8m,79,3.3573995232582092,0.9520527720451355,0.8590563535690308,1.546290397644043,0.6694,0.68963,0.68429,0.6869496225393857,0.6694,0.40579,0.40579,25909312,0.0,runner_kw explicit: mosaic=1.0; close_mosaic=10; mixup=0.15,"effective (Ultralytics args.yaml): mosaic=1.0, mixup=0.15, close_mosaic=10, copy_paste=0.0, cutmix=0.0; geo deg/trans/scale/shear=0.0/0.1/0.5/0.0; fliplr/flipud=0.5/0.0; hsv_h/s/v=0.015/0.7/0.4; erasing=0.4; auto_augment=randaugment",1.0,0.15,10,0.0,0.0,0.0,0.1,0.5,0.0,0.5,0.0,0.015,0.7,0.4,0.4,randaugment
yolov8m,80,3.374051511287689,0.958403468132019,0.8646751046180725,1.5509729385375977,0.65323,0.62778,0.69638,0.6603030395113427,0.65323,0.39896,0.39896,25909312,0.0,runner_kw explicit: mosaic=1.0; close_mosaic=10; mixup=0.15,"effective (Ultralytics args.yaml): mosaic=1.0, mixup=0.15, close_mosaic=10, copy_paste=0.0, cutmix=0.0; geo deg/trans/scale/shear=0.0/0.1/0.5/0.0; fliplr/flipud=0.5/0.0; hsv_h/s/v=0.015/0.7/0.4; erasing=0.4; auto_augment=randaugment",1.0,0.15,10,0.0,0.0,0.0,0.1,0.5,0.0,0.5,0.0,0.015,0.7,0.4,0.4,randaugment
yolov8m,81,3.3197951316833496,0.9446147680282593,0.8393847942352295,1.5357955694198608,0.64758,0.68439,0.64487,0.6640425188445722,0.64758,0.3989,0.3989,25909312,0.0,runner_kw explicit: mosaic=1.0; close_mosaic=10; mixup=0.15,"effective (Ultralytics args.yaml): mosaic=1.0, mixup=0.15, close_mosaic=10, copy_paste=0.0, cutmix=0.0; geo deg/trans/scale/shear=0.0/0.1/0.5/0.0; fliplr/flipud=0.5/0.0; hsv_h/s/v=0.015/0.7/0.4; erasing=0.4; auto_augment=randaugment",1.0,0.15,10,0.0,0.0,0.0,0.1,0.5,0.0,0.5,0.0,0.015,0.7,0.4,0.4,randaugment
yolov8m,82,3.3196805119514465,0.9473518133163452,0.8301287293434143,1.542199969291687,0.63251,0.68059,0.62247,0.6502338454095359,0.63251,0.38982,0.38982,25909312,0.0,runner_kw explicit: mosaic=1.0; close_mosaic=10; mixup=0.15,"effective (Ultralytics args.yaml): mosaic=1.0, mixup=0.15, close_mosaic=10, copy_paste=0.0, cutmix=0.0; geo deg/trans/scale/shear=0.0/0.1/0.5/0.0; fliplr/flipud=0.5/0.0; hsv_h/s/v=0.015/0.7/0.4; erasing=0.4; auto_augment=randaugment",1.0,0.15,10,0.0,0.0,0.0,0.1,0.5,0.0,0.5,0.0,0.015,0.7,0.4,0.4,randaugment
yolov8m,83,3.2835468649864197,0.9347063899040222,0.8236666917800903,1.5251737833023071,0.6482,0.67292,0.66692,0.6699065655595667,0.6482,0.3896,0.3896,25909312,0.0,runner_kw explicit: mosaic=1.0; close_mosaic=10; mixup=0.15,"effective (Ultralytics args.yaml): mosaic=1.0, mixup=0.15, close_mosaic=10, copy_paste=0.0, cutmix=0.0; geo deg/trans/scale/shear=0.0/0.1/0.5/0.0; fliplr/flipud=0.5/0.0; hsv_h/s/v=0.015/0.7/0.4; erasing=0.4; auto_augment=randaugment",1.0,0.15,10,0.0,0.0,0.0,0.1,0.5,0.0,0.5,0.0,0.015,0.7,0.4,0.4,randaugment
yolov8m,84,3.316615045070648,0.9406610727310181,0.8388773798942566,1.5370765924453735,0.67615,0.6435,0.70714,0.673820692411987,0.67615,0.41133,0.41133,25909312,0.0,runner_kw explicit: mosaic=1.0; close_mosaic=10; mixup=0.15,"effective (Ultralytics args.yaml): mosaic=1.0, mixup=0.15, close_mosaic=10, copy_paste=0.0, cutmix=0.0; geo deg/trans/scale/shear=0.0/0.1/0.5/0.0; fliplr/flipud=0.5/0.0; hsv_h/s/v=0.015/0.7/0.4; erasing=0.4; auto_augment=randaugment",1.0,0.15,10,0.0,0.0,0.0,0.1,0.5,0.0,0.5,0.0,0.015,0.7,0.4,0.4,randaugment
yolov8m,85,3.276264786720276,0.9299209713935852,0.8194723725318909,1.5268714427947998,0.66107,0.68987,0.6563,0.6726664254881087,0.66107,0.39705,0.39705,25909312,0.0,runner_kw explicit: mosaic=1.0; close_mosaic=10; mixup=0.15,"effective (Ultralytics args.yaml): mosaic=1.0, mixup=0.15, close_mosaic=10, copy_paste=0.0, cutmix=0.0; geo deg/trans/scale/shear=0.0/0.1/0.5/0.0; fliplr/flipud=0.5/0.0; hsv_h/s/v=0.015/0.7/0.4; erasing=0.4; auto_augment=randaugment",1.0,0.15,10,0.0,0.0,0.0,0.1,0.5,0.0,0.5,0.0,0.015,0.7,0.4,0.4,randaugment
yolov8m,86,3.2395869493484497,0.9228995442390442,0.806657612323761,1.5100297927856445,0.65255,0.63838,0.70114,0.6682897652885599,0.65255,0.39863,0.39863,25909312,0.0,runner_kw explicit: mosaic=1.0; close_mosaic=10; mixup=0.15,"effective (Ultralytics args.yaml): mosaic=1.0, mixup=0.15, close_mosaic=10, copy_paste=0.0, cutmix=0.0; geo deg/trans/scale/shear=0.0/0.1/0.5/0.0; fliplr/flipud=0.5/0.0; hsv_h/s/v=0.015/0.7/0.4; erasing=0.4; auto_augment=randaugment",1.0,0.15,10,0.0,0.0,0.0,0.1,0.5,0.0,0.5,0.0,0.015,0.7,0.4,0.4,randaugment
yolov8m,87,3.2418092489242554,0.9176264405250549,0.8114492297172546,1.5127335786819458,0.64723,0.63191,0.68749,0.6585293404572847,0.64723,0.39374,0.39374,25909312,0.0,runner_kw explicit: mosaic=1.0; close_mosaic=10; mixup=0.15,"effective (Ultralytics args.yaml): mosaic=1.0, mixup=0.15, close_mosaic=10, copy_paste=0.0, cutmix=0.0; geo deg/trans/scale/shear=0.0/0.1/0.5/0.0; fliplr/flipud=0.5/0.0; hsv_h/s/v=0.015/0.7/0.4; erasing=0.4; auto_augment=randaugment",1.0,0.15,10,0.0,0.0,0.0,0.1,0.5,0.0,0.5,0.0,0.015,0.7,0.4,0.4,randaugment
yolov8m,88,3.201190769672394,0.9117442965507507,0.7873495817184448,1.5020968914031982,0.64394,0.65681,0.66245,0.6596179441500086,0.64394,0.39215,0.39215,25909312,0.0,runner_kw explicit: mosaic=1.0; close_mosaic=10; mixup=0.15,"effective (Ultralytics args.yaml): mosaic=1.0, mixup=0.15, close_mosaic=10, copy_paste=0.0, cutmix=0.0; geo deg/trans/scale/shear=0.0/0.1/0.5/0.0; fliplr/flipud=0.5/0.0; hsv_h/s/v=0.015/0.7/0.4; erasing=0.4; auto_augment=randaugment",1.0,0.15,10,0.0,0.0,0.0,0.1,0.5,0.0,0.5,0.0,0.015,0.7,0.4,0.4,randaugment
yolov8m,89,3.2008894085884094,0.9047109484672546,0.7958447933197021,1.5003336668014526,0.66026,0.6568,0.67865,0.667546250327105,0.66026,0.40224,0.40224,25909312,0.0,runner_kw explicit: mosaic=1.0; close_mosaic=10; mixup=0.15,"effective (Ultralytics args.yaml): mosaic=1.0, mixup=0.15, close_mosaic=10, copy_paste=0.0, cutmix=0.0; geo deg/trans/scale/shear=0.0/0.1/0.5/0.0; fliplr/flipud=0.5/0.0; hsv_h/s/v=0.015/0.7/0.4; erasing=0.4; auto_augment=randaugment",1.0,0.15,10,0.0,0.0,0.0,0.1,0.5,0.0,0.5,0.0,0.015,0.7,0.4,0.4,randaugment
yolov8m,90,3.1702698469161987,0.8904634118080139,0.7851470112800598,1.494659423828125,0.65416,0.69972,0.63139,0.6638012047083534,0.65416,0.39614,0.39614,25909312,0.0,runner_kw explicit: mosaic=1.0; close_mosaic=10; mixup=0.15,"effective (Ultralytics args.yaml): mosaic=1.0, mixup=0.15, close_mosaic=10, copy_paste=0.0, cutmix=0.0; geo deg/trans/scale/shear=0.0/0.1/0.5/0.0; fliplr/flipud=0.5/0.0; hsv_h/s/v=0.015/0.7/0.4; erasing=0.4; auto_augment=randaugment",1.0,0.15,10,0.0,0.0,0.0,0.1,0.5,0.0,0.5,0.0,0.015,0.7,0.4,0.4,randaugment
yolov8m,91,2.3554822504520416,0.6637255549430847,0.40859124064445496,1.283165454864502,0.63386,0.64409,0.66829,0.6559668786474527,0.63386,0.38551,0.38551,25909312,0.0,runner_kw explicit: mosaic=1.0; close_mosaic=10; mixup=0.15,"effective (Ultralytics args.yaml): mosaic=1.0, mixup=0.15, close_mosaic=10, copy_paste=0.0, cutmix=0.0; geo deg/trans/scale/shear=0.0/0.1/0.5/0.0; fliplr/flipud=0.5/0.0; hsv_h/s/v=0.015/0.7/0.4; erasing=0.4; auto_augment=randaugment",1.0,0.15,10,0.0,0.0,0.0,0.1,0.5,0.0,0.5,0.0,0.015,0.7,0.4,0.4,randaugment
yolov8m,92,2.2792317867279053,0.6413417458534241,0.37375301122665405,1.2641370296478271,0.636,0.64515,0.66628,0.6555447747873271,0.636,0.38821,0.38821,25909312,0.0,runner_kw explicit: mosaic=1.0; close_mosaic=10; mixup=0.15,"effective (Ultralytics args.yaml): mosaic=1.0, mixup=0.15, close_mosaic=10, copy_paste=0.0, cutmix=0.0; geo deg/trans/scale/shear=0.0/0.1/0.5/0.0; fliplr/flipud=0.5/0.0; hsv_h/s/v=0.015/0.7/0.4; erasing=0.4; auto_augment=randaugment",1.0,0.15,10,0.0,0.0,0.0,0.1,0.5,0.0,0.5,0.0,0.015,0.7,0.4,0.4,randaugment
yolov8m,93,2.227147251367569,0.6279999613761902,0.3529745042324066,1.2461727857589722,0.62558,0.63761,0.66084,0.6490172011239177,0.62558,0.37905,0.37905,25909312,0.0,runner_kw explicit: mosaic=1.0; close_mosaic=10; mixup=0.15,"effective (Ultralytics args.yaml): mosaic=1.0, mixup=0.15, close_mosaic=10, copy_paste=0.0, cutmix=0.0; geo deg/trans/scale/shear=0.0/0.1/0.5/0.0; fliplr/flipud=0.5/0.0; hsv_h/s/v=0.015/0.7/0.4; erasing=0.4; auto_augment=randaugment",1.0,0.15,10,0.0,0.0,0.0,0.1,0.5,0.0,0.5,0.0,0.015,0.7,0.4,0.4,randaugment
yolov8m,94,2.1777013540267944,0.6077157855033875,0.34399884939193726,1.2259867191314697,0.63748,0.64293,0.67,0.6561859352740388,0.63748,0.39596,0.39596,25909312,0.0,runner_kw explicit: mosaic=1.0; close_mosaic=10; mixup=0.15,"effective (Ultralytics args.yaml): mosaic=1.0, mixup=0.15, close_mosaic=10, copy_paste=0.0, cutmix=0.0; geo deg/trans/scale/shear=0.0/0.1/0.5/0.0; fliplr/flipud=0.5/0.0; hsv_h/s/v=0.015/0.7/0.4; erasing=0.4; auto_augment=randaugment",1.0,0.15,10,0.0,0.0,0.0,0.1,0.5,0.0,0.5,0.0,0.015,0.7,0.4,0.4,randaugment
yolov8m,95,2.1492877304553986,0.5980111956596375,0.334565132856369,1.216711401939392,0.6409,0.62801,0.66234,0.6447183220051576,0.6409,0.39556,0.39556,25909312,0.0,runner_kw explicit: mosaic=1.0; close_mosaic=10; mixup=0.15,"effective (Ultralytics args.yaml): mosaic=1.0, mixup=0.15, close_mosaic=10, copy_paste=0.0, cutmix=0.0; geo deg/trans/scale/shear=0.0/0.1/0.5/0.0; fliplr/flipud=0.5/0.0; hsv_h/s/v=0.015/0.7/0.4; erasing=0.4; auto_augment=randaugment",1.0,0.15,10,0.0,0.0,0.0,0.1,0.5,0.0,0.5,0.0,0.015,0.7,0.4,0.4,randaugment
yolov8m,96,2.1266309916973114,0.5908800959587097,0.3290920555591583,1.2066588401794434,0.62095,0.62158,0.64455,0.6328566403128961,0.62095,0.38806,0.38806,25909312,0.0,runner_kw explicit: mosaic=1.0; close_mosaic=10; mixup=0.15,"effective (Ultralytics args.yaml): mosaic=1.0, mixup=0.15, close_mosaic=10, copy_paste=0.0, cutmix=0.0; geo deg/trans/scale/shear=0.0/0.1/0.5/0.0; fliplr/flipud=0.5/0.0; hsv_h/s/v=0.015/0.7/0.4; erasing=0.4; auto_augment=randaugment",1.0,0.15,10,0.0,0.0,0.0,0.1,0.5,0.0,0.5,0.0,0.015,0.7,0.4,0.4,randaugment
yolov8m,97,2.113999158143997,0.5854941606521606,0.3233717978000641,1.2051331996917725,0.6295,0.64044,0.63571,0.6380662342196153,0.6295,0.39499,0.39499,25909312,0.0,runner_kw explicit: mosaic=1.0; close_mosaic=10; mixup=0.15,"effective (Ultralytics args.yaml): mosaic=1.0, mixup=0.15, close_mosaic=10, copy_paste=0.0, cutmix=0.0; geo deg/trans/scale/shear=0.0/0.1/0.5/0.0; fliplr/flipud=0.5/0.0; hsv_h/s/v=0.015/0.7/0.4; erasing=0.4; auto_augment=randaugment",1.0,0.15,10,0.0,0.0,0.0,0.1,0.5,0.0,0.5,0.0,0.015,0.7,0.4,0.4,randaugment
yolov8m,98,2.0692716240882874,0.5711386203765869,0.3138344883918762,1.1842985153198242,0.63312,0.67398,0.61544,0.6433811344630582,0.63312,0.39552,0.39552,25909312,0.0,runner_kw explicit: mosaic=1.0; close_mosaic=10; mixup=0.15,"effective (Ultralytics args.yaml): mosaic=1.0, mixup=0.15, close_mosaic=10, copy_paste=0.0, cutmix=0.0; geo deg/trans/scale/shear=0.0/0.1/0.5/0.0; fliplr/flipud=0.5/0.0; hsv_h/s/v=0.015/0.7/0.4; erasing=0.4; auto_augment=randaugment",1.0,0.15,10,0.0,0.0,0.0,0.1,0.5,0.0,0.5,0.0,0.015,0.7,0.4,0.4,randaugment
yolov8m,99,2.0584449470043182,0.5636100769042969,0.3134753406047821,1.1813595294952393,0.62674,0.64168,0.63256,0.6370873631336035,0.62674,0.39466,0.39466,25909312,0.0,runner_kw explicit: mosaic=1.0; close_mosaic=10; mixup=0.15,"effective (Ultralytics args.yaml): mosaic=1.0, mixup=0.15, close_mosaic=10, copy_paste=0.0, cutmix=0.0; geo deg/trans/scale/shear=0.0/0.1/0.5/0.0; fliplr/flipud=0.5/0.0; hsv_h/s/v=0.015/0.7/0.4; erasing=0.4; auto_augment=randaugment",1.0,0.15,10,0.0,0.0,0.0,0.1,0.5,0.0,0.5,0.0,0.015,0.7,0.4,0.4,randaugment
yolov8m,100,2.0395402014255524,0.5568962097167969,0.3091391623020172,1.1735048294067383,0.62473,0.66389,0.61286,0.6373551993729097,0.62473,0.39383,0.39383,25909312,0.0,runner_kw explicit: mosaic=1.0; close_mosaic=10; mixup=0.15,"effective (Ultralytics args.yaml): mosaic=1.0, mixup=0.15, close_mosaic=10, copy_paste=0.0, cutmix=0.0; geo deg/trans/scale/shear=0.0/0.1/0.5/0.0; fliplr/flipud=0.5/0.0; hsv_h/s/v=0.015/0.7/0.4; erasing=0.4; auto_augment=randaugment",1.0,0.15,10,0.0,0.0,0.0,0.1,0.5,0.0,0.5,0.0,0.015,0.7,0.4,0.4,randaugment
yolov8m,100,2.0395402014255524,0.5568962097167969,0.3091391623020172,1.1735048294067383,0.6987310606172824,0.6592989343699901,0.7077309005434006,0.6826569788481586,0.6987310606172824,0.4203003735415713,0.39383,25909312,0.0,runner_kw explicit: mosaic=1.0; close_mosaic=10; mixup=0.15,"effective (Ultralytics args.yaml): mosaic=1.0, mixup=0.15, close_mosaic=10, copy_paste=0.0, cutmix=0.0; geo deg/trans/scale/shear=0.0/0.1/0.5/0.0; fliplr/flipud=0.5/0.0; hsv_h/s/v=0.015/0.7/0.4; erasing=0.4; auto_augment=randaugment",1.0,0.15,10,0.0,0.0,0.0,0.1,0.5,0.0,0.5,0.0,0.015,0.7,0.4,0.4,randaugment
